PROVINCE,Denominazione Comune,Popolazione al 1° gennaio - Totale,Latitude,Longitude
Bergamo,Adrara San Martino,2176,45.6999454,9.9489353
Bergamo,Adrara San Rocco,791,45.7139859,9.958705
Bergamo,Albano Sant'Alessandro,8287,45.686482,9.770656
Bergamo,Albino,17486,45.760661,9.7969489
Bergamo,Algua,657,45.826185,9.722152
Bergamo,Almè,5487,45.7370097,9.614785
Bergamo,Almenno San Bartolomeo,6440,45.742681,9.582251
Bergamo,Almenno San Salvatore,5586,45.7499556,9.5963684
Bergamo,Alzano Lombardo,13440,45.7336026,9.730494
Bergamo,Ambivere,2380,45.71958,9.55015
Bergamo,Antegnate,3163,45.486477,9.79146
Bergamo,Arcene,4803,45.575577,9.614054
Bergamo,Ardesio,3367,45.9375116,9.931158
Bergamo,Arzago d'Adda,2717,45.4815134,9.5616783
Bergamo,Averara,170,45.9886802,9.6313982
Bergamo,Aviatico,551,45.8003072,9.7716558
Bergamo,Azzano San Paolo,7567,45.6610392,9.6751805
Bergamo,Azzone,377,45.9785178,10.1126472
Bergamo,Bagnatica,4355,45.660881,9.781057
Bergamo,Barbata,688,45.474977,9.77736
Bergamo,Bariano,4228,45.5126464,9.7049249
Bergamo,Barzana,2013,45.7339859,9.5672642
Bergamo,Bedulita,703,45.7916524,9.55155
Bergamo,Berbenno,2410,45.814783,9.571049
Bergamo,Bergamo,119993,45.690417, 9.643743
Bergamo,Berzo San Fermo,1390,45.719384,9.903158
Bergamo,Bianzano,587,45.7745025,9.9208481
Bergamo,Blello,75,45.837784,9.571049
Bergamo,Bolgare,6433,45.635081,9.812858
Bergamo,Boltiere,6223,45.600878,9.578453
Bergamo,Bonate Sopra,10217,45.68338,9.559751
Bergamo,Bonate Sotto,6613,45.6667845,9.5613879
Bergamo,Borgo di Terzo,1159,45.7212356,9.8935702
Bergamo,Bossico,990,45.828388,10.045059
Bergamo,Bottanuco,5014,45.639878,9.506451
Bergamo,Bracca,724,45.8238863,9.7078713
Bergamo,Branzi,677,46.0053774,9.7599743
Bergamo,Brembate,8482,45.6039279,9.5555981
Bergamo,Brembate di Sopra,7862,45.716763,9.5794156
Bergamo,Brignano Gera d'Adda,6053,45.5455191,9.6489533
Bergamo,Brumano,114,45.855083,9.500547
Bergamo,Brusaporto,5580,45.6708455,9.7613544
Bergamo,Calcinate,6071,45.619721,9.7988771
Bergamo,Calcio,5389,45.5092097,9.8509786
Bergamo,Calusco d'Adda,8210,45.691379,9.472649
Bergamo,Calvenzano,4264,45.4949814,9.6012863
Bergamo,Camerata Cornello,573,45.898686,9.656349
Bergamo,Canonica d'Adda,4230,45.575677,9.541653
Bergamo,Capizzone,1192,45.784482,9.56775
Bergamo,Capriate San Gervasio,8160,45.612578,9.528752
Bergamo,Caprino Bergamasco,3038,45.7460253,9.4821556
Bergamo,Caravaggio,16170,45.4972605,9.6437404
Bergamo,Carobbio degli Angeli,4730,45.665182,9.829158
Bergamo,Carona,289,45.9574555,8.935792
Bergamo,Carvico,4645,45.703462,9.4815169
Bergamo,Casazza,3865,45.749184,9.907258
Bergamo,Casirate d'Adda,4057,45.4941243,9.5678078
Bergamo,Casnigo,3108,45.8159118,9.8681406
Bergamo,Cassiglio,112,45.966787,9.612147
Bergamo,Castel Rozzone,2822,45.552277,9.619855
Bergamo,Castelli Calepio,10394,45.63196645,9.896062873799924
Bergamo,Castione della Presolana,3361,45.907455,10.0350592
Bergamo,Castro,1258,45.8039529,10.060908
Bergamo,Cavernago,2653,45.625097,9.7616399
Bergamo,Cazzano Sant'Andrea,1646,45.8127326,9.8847039
Bergamo,Cenate Sopra,2528,45.7118675,9.8237131
Bergamo,Cenate Sotto,3913,45.6985993,9.8236884
Bergamo,Cene,4105,45.7836703,9.8254604
Bergamo,Cerete,1589,45.8543485,10.011019479322801
Bergamo,Chignolo d'Isola,3390,45.667579,9.527651
Bergamo,Chiuduno,6027,45.6508189,9.8480158
Bergamo,Cisano Bergamasco,6229,45.74248,9.470248
Bergamo,Ciserano,5458,45.5852806,9.6008503
Bergamo,Cividate al Piano,5029,45.554879,9.83096
Bergamo,Clusone,8537,45.887088,9.949656
Bergamo,Colere,1105,45.974292,10.082757
Bergamo,Cologno al Serio,11059,45.5797721,9.7077253
Bergamo,Colzate,1618,45.816027,9.8558653
Bergamo,Comun Nuovo,4393,45.6229111,9.6631272
Bergamo,Corna Imagna,930,45.830683,9.544848
Bergamo,Cornalba,290,45.8517289,9.7432339
Bergamo,Cortenuova,1937,45.538978,9.787859
Bergamo,Costa di Mezzate,3348,45.661981,9.793957
Bergamo,Costa Serina,874,45.8324196,9.7419373
Bergamo,Costa Valle Imagna,549,45.8050104,9.502141
Bergamo,Costa Volpino,8953,45.829888,10.098161
Bergamo,Covo,4165,45.5003219,9.7701068
Bergamo,Credaro,3524,45.660582,9.93106
Bergamo,Curno,7495,45.6915142,9.6109659
Bergamo,Cusio,216,45.9907873,9.6018874
Bergamo,Dalmine,23336,45.6472193,9.6019202
Bergamo,Dossena,883,45.880286,9.696751
Bergamo,Endine Gaiano,3367,45.792486,9.969058
Bergamo,Entratico,1961,45.7056148,9.8746256
Bergamo,Fara Gera d'Adda,7968,45.555676,9.537853
Bergamo,Fara Olivana con Sola,1313,45.49172015,9.737362446324912
Bergamo,Filago,3133,45.637578,9.556352
Bergamo,Fino del Monte,1119,45.8903679,9.9926194
Bergamo,Fiorano al Serio,2947,45.7998409,9.8422937
Bergamo,Fontanella,4712,45.469877,9.801961
Bergamo,Fonteno,553,45.7578026,10.0202068
Bergamo,Foppolo,172,46.0437409,9.7511844
Bergamo,Foresto Sparso,3045,45.690883,9.920059
Bergamo,Fornovo San Giovanni,3393,45.4979249,9.6769058
Bergamo,Fuipiano Valle Imagna,206,45.854284,9.528447
Bergamo,Gandellino,972,45.9915503,9.9465966
Bergamo,Gandino,5237,45.8115328,9.9031182
Bergamo,Gandosso,1445,45.658882,9.888859
Bergamo,Gaverina Terme,862,45.755784,9.886657
Bergamo,Gazzaniga,4934,45.7966425,9.8349553
Bergamo,Ghisalba,6133,45.5941934,9.753914
Bergamo,Gorlago,5143,45.6767028,9.8270544
Bergamo,Gorle,6546,45.7037349,9.7190224
Bergamo,Gorno,1491,45.8628946,9.8434163
Bergamo,Grassobbio,6417,45.6572304,9.7231068
Bergamo,Gromo,1153,45.96399,9.927054
Bergamo,Grone,865,45.727504,9.9112023
Bergamo,Grumello del Monte,7396,45.637181,9.876759
Bergamo,Isola di Fondra,166,45.9784906,9.7463873
Bergamo,Isso,637,45.4768363,9.7585339
Bergamo,Lallio,4146,45.66638,9.630053
Bergamo,Leffe,4300,45.800686,9.885456
Bergamo,Lenna,560,45.9439828,9.6786963
Bergamo,Levate,3717,45.625179,9.624154
Bergamo,Locatello,837,45.8345021,9.5332605
Bergamo,Lovere,5046,45.8168815,10.0752136
Bergamo,Lurano,2812,45.565677,9.640155
Bergamo,Luzzana,882,45.7163928,9.880496
Bergamo,Madone,3980,45.6499571,9.5479634
Bergamo,Mapello,6841,45.7089647,9.5475128
Bergamo,Martinengo,10798,45.5703685,9.767376
Bergamo,Medolago,2351,45.668579,9.49565
Bergamo,Mezzoldo,164,46.012403,9.664874
Bergamo,Misano di Gera d'Adda,2941,45.468775,9.621057
Bergamo,Moio de' Calvi,203,45.9520028,9.7002118
Bergamo,Monasterolo del Castello,1154,45.763185,9.931658
Bergamo,Montello,3265,45.672082,9.805657
Bergamo,Morengo,2471,45.5336039,9.7052776
Bergamo,Mornico al Serio,2909,45.59138,9.809259
Bergamo,Mozzanica,4424,45.476076,9.689258
Bergamo,Mozzo,7334,45.69868,9.608652
Bergamo,Nembro,11231,45.7439737,9.7592752
Bergamo,Olmo al Brembo,494,45.9696756,9.6486492
Bergamo,Oltre il Colle,974,45.889487,9.769252
Bergamo,Oltressenda Alta,147,45.9166987,9.9442319
Bergamo,Oneta,572,45.8715758,9.818917
Bergamo,Onore,914,45.891169,10.0099362
Bergamo,Orio al Serio,1752,45.6762274,9.6929555
Bergamo,Ornica,144,45.9889712,9.5794792
Bergamo,Osio Sopra,5255,45.6307873,9.5910634
Bergamo,Osio Sotto,12531,45.616078,9.589053
Bergamo,Pagazzano,2095,45.534277,9.671157
Bergamo,Paladina,4016,45.7306737,9.6079944
Bergamo,Palazzago,4496,45.7521149,9.5350272
Bergamo,Palosco,5732,45.5875491,9.8356985
Bergamo,Parre,2684,45.874587,9.890855
Bergamo,Parzanica,361,45.7380261,10.034515
Bergamo,Pedrengo,5905,45.695982,9.734955
Bergamo,Peia,1727,45.7997607,9.900355
Bergamo,Pianico,1457,45.809887,10.04306
Bergamo,Piario,1042,45.896488,9.927255
Bergamo,Piazza Brembana,1207,45.9477858,9.675623
Bergamo,Piazzatorre,384,45.9897167,9.6837979
Bergamo,Piazzolo,87,45.9797834,9.6719704
Bergamo,Pognano,1590,45.586378,9.639955
Bergamo,Ponte Nossa,1728,45.8660616,9.8829739
Bergamo,Ponte San Pietro,11534,45.6977541,9.5872254
Bergamo,Ponteranica,6750,45.7320767,9.651987
Bergamo,Pontida,3313,45.7323112,9.4986417
Bergamo,Pontirolo Nuovo,4969,45.5691748,9.5693448
Bergamo,Pradalunga,4509,45.7467328,9.7831294
Bergamo,Predore,1823,45.680784,10.014361
Bergamo,Premolo,1075,45.870187,9.874655
Bergamo,Presezzo,4775,45.69208,9.570351
Bergamo,Pumenengo,1682,45.479947,9.8701285
Bergamo,Ranica,5871,45.7263379,9.7146629
Bergamo,Ranzanico,1212,45.7892293,9.9357249
Bergamo,Riva di Solto,899,45.7734318,10.0385394
Bergamo,Rogno,3849,45.857665,10.133545
Bergamo,Romano di Lombardia,20482,45.5183761,9.7550869
Bergamo,Roncobello,413,45.955688,9.75235
Bergamo,Roncola,814,45.7680066,9.5612978
Bergamo,Rota d'Imagna,902,45.8308542,9.512792
Bergamo,Rovetta,4077,45.892989,9.983457
Bergamo,San Giovanni Bianco,4632,45.8740752,9.653022
Bergamo,San Paolo d'Argon,5951,45.6885572,9.8040661
Bergamo,San Pellegrino Terme,4719,45.8386307,9.6647313
Bergamo,Santa Brigida,523,45.984547,9.6217915
Bergamo,Sant'Omobono Terme,3835,45.8116872,9.5359629
Bergamo,Sarnico,6722,45.6701431,9.9635127
Bergamo,Scanzorosciate,9801,45.710782,9.735055
Bergamo,Schilpario,1152,46.0089271,10.1565735
Bergamo,Sedrina,2461,45.781783,9.624051
Bergamo,Selvino,1974,45.7811435,9.7516751
Bergamo,Seriate,25111,45.6843709,9.7179982
Bergamo,Serina,2026,45.8719407,9.7293364
Bergamo,Solto Collina,1769,45.7817845,10.0252033
Bergamo,Solza,2011,45.6771433,9.4889369
Bergamo,Songavazzo,692,45.8801495,9.9897924
Bergamo,Sorisole,9012,45.7445793,9.6611952
Bergamo,Sotto il Monte Giovanni XXIII,4417,45.7057753,9.4996718
Bergamo,Sovere,5205,45.8207236,10.0230979
Bergamo,Spinone al Lago,976,45.767485,9.924158
Bergamo,Spirano,5668,45.582078,9.668856
Bergamo,Stezzano,13346,45.6513805,9.6535097
Bergamo,Strozza,1065,45.773082,9.57745
Bergamo,Suisio,3743,45.6559017,9.5001537
Bergamo,Taleggio,535,45.9183442,9.5702913
Bergamo,Tavernola Bergamasca,2001,45.709385,10.046262
Bergamo,Telgate,4948,45.628881,9.851659
Bergamo,Terno d'Isola,8014,45.685479,9.530951
Bergamo,Torre Boldone,8631,45.7162722,9.7081894
Bergamo,Torre de' Busi,2170,45.7745656,9.480377
Bergamo,Torre de' Roveri,2467,45.7008221,9.7735143
Bergamo,Torre Pallavicina,1091,45.4470628,9.869246091628131
Bergamo,Trescore Balneario,9644,45.696483,9.842557
Bergamo,Treviglio,30557,45.5217245,9.5931485
Bergamo,Treviolo,10819,45.6715427,9.6117418
Bergamo,Ubiale Clanezzo,1348,45.7809355,9.605822443395475
Bergamo,Urgnano,9854,45.5971972,9.6948557
Bergamo,Val Brembilla,4190,45.82464265,9.601566098800856
Bergamo,Valbondione,988,46.034193,10.005855
Bergamo,Valbrembo,4338,45.717833,9.6075364
Bergamo,Valgoglio,586,45.97489,9.913554
Bergamo,Valleve,134,46.026862,9.7439467
Bergamo,Valnegra,207,45.9494102,9.6900185
Bergamo,Valtorta,251,45.977787,9.534945
Bergamo,Vedeseta,188,45.8908697,9.5400571
Bergamo,Verdellino,7475,45.6031356,9.6156095
Bergamo,Verdello,8182,45.6065784,9.6273969
Bergamo,Vertova,4467,45.8102188,9.8535071
Bergamo,Viadanica,1118,45.6843417,9.9622843
Bergamo,Vigano San Martino,1303,45.7265314,9.8939905
Bergamo,Vigolo,576,45.7157754,10.0227167
Bergamo,Villa d'Adda,4537,45.71398,9.461649
Bergamo,Villa d'Almè,6587,45.749682,9.614451
Bergamo,Villa di Serio,6672,45.722665,9.7323783
Bergamo,Villa d'Ogna,1758,45.904689,9.930855
Bergamo,Villongo,8103,45.6730421,9.9338341
Bergamo,Vilminore di Scalve,1433,45.9976748,10.0924803
Bergamo,Zandobbio,2663,45.687882,9.853358
Bergamo,Zanica,8602,45.6394601,9.6841257
Bergamo,Zogno,8668,45.7937056,9.666203
Brescia,Acquafredda,1513,45.307378,10.414677
Brescia,Adro,7131,45.6224015,9.961376
Brescia,Agnosine,1636,45.650676,10.3533352
Brescia,Alfianello,2396,45.266975,10.148172
Brescia,Anfo,444,45.76639,10.493771
Brescia,Angolo Terme,2338,45.8910363,10.1460986
Brescia,Artogne,3593,45.8489819,10.1645561
Brescia,Azzano Mella,3356,45.454722,10.1168233
Brescia,Bagnolo Mella,12554,45.429079,10.18437
Brescia,Bagolino,3746,45.8235613,10.4627308
Brescia,Barbariga,2300,45.4054188,10.0548109
Brescia,Barghe,1143,45.681887,10.41217
Brescia,Bassano Bresciano,2326,45.327176,10.12837
Brescia,Bedizzole,12314,45.5105711,10.4230323
Brescia,Berlingo,2744,45.50298,10.043665
Brescia,Berzo Demo,1551,46.0934179,10.336266
Brescia,Berzo Inferiore,2440,45.931693,10.2805867
Brescia,Bienno,3760,45.935562,10.2947906
Brescia,Bione,1313,45.672786,10.338869
Brescia,Borgo San Giacomo,5334,45.346975,9.968467
Brescia,Borgosatollo,9130,45.4771995,10.2407451
Brescia,Borno,2519,45.9491374,10.1601603
Brescia,Botticino,10641,45.5432619,10.3231835
Brescia,Bovegno,2040,45.7933072,10.2737559
Brescia,Bovezzo,7402,45.5931372,10.2434802
Brescia,Brandico,1707,45.454178,10.052666
Brescia,Braone,686,45.9900343,10.3431903
Brescia,Breno,4694,46.032933,8.8703356
Brescia,Brescia,197304,45.541281, 10.211064
Brescia,Brione,747,45.6429228,10.1461559
Brescia,Caino,2114,45.6126766,10.3150854
Brescia,Calcinato,13004,45.457182,10.413574
Brescia,Calvagese della Riviera,3585,45.5400742,10.4456864
Brescia,Calvisano,8369,45.3480525,10.345921
Brescia,Capo di Ponte,2379,46.030996,10.345862
Brescia,Capovalle,346,45.7544353,10.54469
Brescia,Capriano del Colle,4643,45.4548691,10.1303478
Brescia,Capriolo,9432,45.6372565,9.9336046
Brescia,Carpenedolo,12968,45.3646065,10.4293846
Brescia,Castegnato,8364,45.5607142,10.1153088
Brescia,Castel Mella,10999,45.4995922,10.1450083
Brescia,Castelcovati,6683,45.4984126,9.9432818
Brescia,Castenedolo,11530,45.4715763,10.29831
Brescia,Casto,1637,45.6945498,10.3212431
Brescia,Castrezzato,7459,45.5125048,9.977855
Brescia,Cazzago San Martino,10839,45.580508,10.0262148
Brescia,Cedegolo,1096,46.0766465,10.350068
Brescia,Cellatica,4901,45.5841062,10.1802449
Brescia,Cerveno,652,46.0025085,10.3257912
Brescia,Ceto,1793,46.002595,10.351963
Brescia,Cevo,831,46.081397,10.368562
Brescia,Chiari,19094,45.5364624,9.928846
Brescia,Cigole,1477,45.3086363,10.1893747
Brescia,Cimbergo,534,46.024096,10.365663
Brescia,Cividate Camuno,2725,45.942493,10.277462
Brescia,Coccaglio,8716,45.5634485,9.9782721
Brescia,Collebeato,4538,45.5813147,10.2102711
Brescia,Collio,2056,45.8093124,10.3328723
Brescia,Cologne,7517,45.579068,9.9195442
Brescia,Comezzano-Cizzago,4009,45.464756449999996,9.955233689867876
Brescia,Concesio,15644,45.605184,10.216967
Brescia,Corte Franca,7070,45.6374172,10.0064681
Brescia,Corteno Golgi,1909,46.166198,10.243457
Brescia,Corzano,1417,45.4438105,10.0079911
Brescia,Darfo Boario Terme,15544,45.8834863,10.1807068
Brescia,Dello,5546,45.41811,10.0752034
Brescia,Desenzano del Garda,29208,45.4694851,10.5389467
Brescia,Edolo,4443,46.1793752,10.3307572
Brescia,Erbusco,8708,45.5984995,9.9722164
Brescia,Esine,5157,45.9258392,10.2508308
Brescia,Fiesse,1985,45.231475,10.324177
Brescia,Flero,8871,45.4828867,10.1750082
Brescia,Gambara,4560,45.2552458,10.2934106
Brescia,Gardone Riviera,2642,45.6187853,10.5591005
Brescia,Gardone Val Trompia,11407,45.6886907,10.183015
Brescia,Gargnano,2761,45.688138,10.6635006
Brescia,Gavardo,12258,45.5846274,10.438237
Brescia,Ghedi,18521,45.4015124,10.2768169
Brescia,Gianico,2134,45.8645299,10.1836526
Brescia,Gottolengo,4959,45.2910328,10.2698286
Brescia,Gussago,16488,45.5926638,10.15345
Brescia,Idro,1878,45.7377454,10.4783256
Brescia,Incudine,346,46.2203,10.358759
Brescia,Irma,132,45.7713171,10.2841681
Brescia,Iseo,8994,45.6595554,10.0510489
Brescia,Isorella,4075,45.3091728,10.3221777
Brescia,Lavenone,486,45.739689,10.43907
Brescia,Leno,14187,45.3670119,10.2184518
Brescia,Limone sul Garda,1164,45.8141194,10.7915786
Brescia,Lodrino,1631,45.719687,10.277667
Brescia,Lograto,3795,45.4842379,10.0532758
Brescia,Lonato del Garda,16821,45.4610389,10.4845346
Brescia,Longhena,562,45.437678,10.059667
Brescia,Losine,607,45.983494,10.316163
Brescia,Lozio,377,45.9861029,10.2603604
Brescia,Lumezzane,21669,45.6482576,10.2645464
Brescia,Maclodio,1476,45.4769983,10.0427148
Brescia,Magasa,106,45.781392,10.615973
Brescia,Mairano,3486,45.449179,10.079567
Brescia,Malegno,1978,45.9506025,10.2733393
Brescia,Malonno,3068,46.122581,10.3192116
Brescia,Manerba del Garda,5412,45.549434,10.5512888
Brescia,Manerbio,13216,45.355777,10.13517
Brescia,Marcheno,4172,45.709374,10.2153259
Brescia,Marmentino,656,45.75545,10.2873147
Brescia,Marone,3117,45.736086,10.093762
Brescia,Mazzano,12470,45.518804,10.3541615
Brescia,Milzano,1764,45.273575,10.199273
Brescia,Moniga del Garda,2579,45.528523,10.5375734
Brescia,Monno,528,46.2115706,10.3398783
Brescia,Monte Isola,1644,45.711994000000004,10.082235398202563
Brescia,Monticelli Brusati,4563,45.6321897,10.0985704
Brescia,Montichiari,26011,45.415181,10.390675
Brescia,Montirone,5077,45.44638,10.228771
Brescia,Mura,776,45.7139802,10.3436499
Brescia,Muscoline,2653,45.562485,10.461874
Brescia,Nave,10640,45.5877271,10.2892353
Brescia,Niardo,1987,45.975994,10.333263
Brescia,Nuvolento,3888,45.545784,10.386772
Brescia,Nuvolera,4705,45.532183,10.369172
Brescia,Odolo,1897,45.64685,10.3884485
Brescia,Offlaga,4078,45.3861328,10.117457
Brescia,Ome,3185,45.6243132,10.1239054
Brescia,Ono San Pietro,973,46.016895,10.328362
Brescia,Orzinuovi,12349,45.403976,9.921564
Brescia,Orzivecchi,2416,45.4206595,9.9617289
Brescia,Ospitaletto,14620,45.5552224,10.073946
Brescia,Ossimo,1454,45.946192,10.230561
Brescia,Padenghe sul Garda,4696,45.509584,10.506376
Brescia,Paderno Franciacorta,3620,45.5891866,10.076411
Brescia,Paisco Loveno,173,46.0783048,10.2907333
Brescia,Paitone,2148,45.553076,10.4012548
Brescia,Palazzolo sull'Oglio,19940,45.5990687,9.8849665
Brescia,Paratico,4846,45.6598764,9.9550703
Brescia,Paspardo,587,46.030996,10.370963
Brescia,Passirano,6933,45.599487,10.0649179
Brescia,Pavone del Mella,2731,45.3012594,10.2084735
Brescia,Pertica Alta,556,45.7444018,10.3439356
Brescia,Pertica Bassa,585,45.7544894,10.3746705
Brescia,Pezzaze,1450,45.7741272,10.2373771
Brescia,Pian Camuno,4701,45.8437447,10.1579274
Brescia,Piancogno,4709,45.919692,10.225262
Brescia,Pisogne,7882,45.8057312,10.1081901
Brescia,Polaveno,2448,45.661484,10.123964
Brescia,Polpenazze del Garda,2691,45.551185,10.504875
Brescia,Pompiano,3759,45.431977,9.989265
Brescia,Poncarale,5182,45.4606628,10.1739092
Brescia,Ponte di Legno,1746,46.258603,10.508662
Brescia,Pontevico,7002,45.274374,10.092471
Brescia,Pontoglio,6872,45.56938,9.85346
Brescia,Pozzolengo,3553,45.4059696,10.6313729
Brescia,Pralboino,2816,45.2679989,10.2174131
Brescia,Preseglie,1497,45.668287,10.39677
Brescia,Prevalle,6838,45.5514816,10.421857
Brescia,Provaglio d'Iseo,7202,45.6359819,10.0443096
Brescia,Provaglio Val Sabbia,892,45.6848636,10.4366014
Brescia,Puegnago del Garda,3483,45.5684628,10.5110817
Brescia,Quinzano d'Oglio,6185,45.310875,10.008568
Brescia,Remedello,3356,45.2794982,10.3717426
Brescia,Rezzato,13341,45.5142403,10.3168627
Brescia,Roccafranca,4792,45.4642998,9.9140564
Brescia,Rodengo Saiano,9753,45.5976458,10.1094679
Brescia,Roè Volciano,4341,45.6167638,10.4958703
Brescia,Roncadelle,9351,45.5276081,10.1497012
Brescia,Rovato,19189,45.5670385,9.9986008
Brescia,Rudiano,5854,45.488578,9.887062
Brescia,Sabbio Chiese,3946,45.658587,10.420571
Brescia,Sale Marasino,3299,45.715453,10.1111391
Brescia,Salò,10494,45.6056775,10.520069
Brescia,San Felice del Benaco,3471,45.5895461,10.5517327
Brescia,San Gervasio Bresciano,2642,45.307376,10.148671
Brescia,San Paolo,4442,45.370576,10.026767
Brescia,San Zeno Naviglio,4735,45.4915723,10.2170575
Brescia,Sarezzo,13199,45.6618702,10.1958762
Brescia,Saviore dell'Adamello,853,46.080497,10.399663
Brescia,Sellero,1407,46.0559889,10.3439901
Brescia,Seniga,1442,45.242674,10.177973
Brescia,Serle,3039,45.570284,10.366071
Brescia,Sirmione,8349,45.4688494,10.6078237
Brescia,Soiano del Lago,1920,45.527784,10.512675
Brescia,Sonico,1226,46.165499,10.35286
Brescia,Sulzano,1915,45.690385,10.100963
Brescia,Tavernole sul Mella,1213,45.7480317,10.2404105
Brescia,Temù,1103,46.2492143,10.46805
Brescia,Tignale,1203,45.7397806,10.7217649
Brescia,Torbole Casaglia,6409,45.5053097,10.1024645
Brescia,Toscolano-Maderno,7593,45.6345707,10.609815
Brescia,Travagliato,13743,45.5239055,10.0797833
Brescia,Tremosine sul Garda,2066,45.7710786,10.7607733
Brescia,Trenzano,5427,45.477279,10.010665
Brescia,Treviso Bresciano,520,45.713168,10.4636226
Brescia,Urago d'Oglio,3707,45.515978,9.869661
Brescia,Vallio Terme,1407,45.6101932,10.3901746
Brescia,Valvestino,171,45.762092,10.5946459
Brescia,Verolanuova,8048,45.3285814,10.0760863
Brescia,Verolavecchia,3754,45.3270123,10.0572562
Brescia,Vestone,4216,45.7106124,10.4042112
Brescia,Vezza d'Oglio,1465,46.2402134,10.3997325
Brescia,Villa Carcina,10594,45.632214,10.1944422
Brescia,Villachiara,1360,45.355375,9.930966
Brescia,Villanuova sul Clisi,5784,45.6016804,10.4538721
Brescia,Vione,634,46.248402,10.447161
Brescia,Visano,2000,45.318378,10.372376
Brescia,Vobarno,8199,45.6436432,10.499454
Brescia,Zone,1022,45.7634448,10.1158821
Como,Albavilla,6359,45.8031171,9.1884829
Como,Albese con Cassano,4187,45.811634999999995,9.168562828395432
Como,Albiolo,2709,45.8067961,8.9392779
Como,Alserio,1263,45.7791026,9.1995294
Como,Alta Valle Intelvi,2973,45.9808643,9.0418748
Como,Alzate Brianza,4827,45.769778,9.182041
Como,Anzano del Parco,1786,45.7698325,9.1993257
Como,Appiano Gentile,7652,45.7346371,8.979101
Como,Argegno,686,45.9432736,9.1281646
Como,Arosio,5106,45.716977,9.208043
Como,Asso,3562,45.8612989,9.2694511
Como,Barni,563,45.911283,9.26514
Como,Bellagio,3611,45.9872549,9.2613001
Como,Bene Lario,321,46.02338795,9.171111208367037
Como,Beregazzo con Figliaro,2787,45.7710065,8.958279263308192
Como,Binago,4765,45.7844117,8.9221591
Como,Bizzarone,1728,45.834278,8.942735
Como,Blessagno,287,45.9595225,9.09749
Como,Blevio,1143,45.8399418,9.1024697
Como,Bregnano,6439,45.6971263,9.0595206
Como,Brenna,2165,45.742978,9.187142
Como,Brienno,335,45.9114396,9.1312719
Como,Brunate,1664,45.8194702,9.0959895
Como,Bulgarograsso,4026,45.747076,9.006438
Como,Cabiate,7416,45.674176,9.173743
Como,Cadorago,7957,45.7246094,9.0382187
Como,Caglio,498,45.8716497,9.2382683
Como,Campione d'Italia,1779,45.968081,8.971033
Como,Cantù,39469,45.7395347,9.129103
Como,Canzo,5182,45.8506406,9.2748022
Como,Capiago Intimiano,5470,45.77080195,9.130031608448059
Como,Carate Urio,1122,45.88051965,9.110495663870772
Como,Carbonate,2918,45.6836574,8.9400155
Como,Carimate,4416,45.702976,9.110641
Como,Carlazzo,3103,46.0500035,9.1544999
Como,Carugo,6564,45.709225,9.1945741
Como,Caslino d'Erba,1646,45.8375886,9.2308703
Como,Casnate con Bernate,4990,45.76048315,9.07427788377327
Como,Cassina Rizzardi,3338,45.7505496,9.0311999
Como,Castelmarte,1249,45.833229,9.232703
Como,Castelnuovo Bozzente,911,45.764576,8.943536
Como,Cavargna,191,46.090086,9.111234
Como,Centro Valle Intelvi,3554,45.9504613,9.0637408
Como,Cerano d'Intelvi,545,45.943282,9.088836
Como,Cermenate,9199,45.7000804,9.0800884
Como,Cernobbio,6498,45.8413945,9.0759048
Como,Cirimido,2080,45.699775,9.012539
Como,Claino con Osteno,566,46.00948915,9.090089734680383
Como,Colonno,469,45.9576023,9.1555714
Como,Colverde,5403,45.80471845,9.00152571456867
Como,Como,84250,45.7957895,9.0470006
Como,Corrido,828,46.0458323,9.1397711
Como,Cremia,687,46.088892349999995,9.25941806792868
Como,Cucciago,3456,45.7398765,9.0954888
Como,Cusino,214,46.0745836,9.1525033
Como,Dizzasco,602,45.943782,9.099736
Como,Domaso,1462,46.1509896,9.3281424
Como,Dongo,3253,46.1229363,9.2790794
Como,Dosso del Liro,236,46.163989,9.272936
Como,Erba,16208,45.8097196,9.2166985
Como,Eupilio,2583,45.8182246,9.2646735
Como,Faggeto Lario,1169,45.8580786,9.170904424243695
Como,Faloppio,4795,45.80889055,8.971172866090171
Como,Fenegrò,3180,45.7007039,8.998617
Como,Figino Serenza,5030,45.7097797,9.1289394
Como,Fino Mornasco,9803,45.742876,9.047639
Como,Garzeno,699,46.1342737,9.2483448
Como,Gera Lario,1049,46.1710994,9.3718986
Como,Grandate,2809,45.775177,9.057838
Como,Grandola ed Uniti,1300,46.0508634,9.18989195821736
Como,Gravedona ed Uniti,4080,46.157675299999994,9.184375648009642
Como,Griante,595,45.995284,9.235538
Como,Guanzate,5816,45.7238781,9.0107993
Como,Inverigo,9169,45.7404839,9.2236117
Como,Laglio,891,45.880967,9.1380307
Como,Laino,536,45.984483,9.075435
Como,Lambrugo,2529,45.7591907,9.2418452
Como,Lasnigo,462,45.8821704,9.2670887
Como,Lezzeno,1996,45.9450751,9.1941117
Como,Limido Comasco,3860,45.689174,8.979838
Como,Lipomo,5950,45.7945033,9.1216456
Como,Livo,164,46.404711,11.019271
Como,Locate Varesino,4278,45.6888509,8.9306787
Como,Lomazzo,9998,45.6984514,9.0363529
Como,Longone al Segrino,1929,45.819244,9.2504238
Como,Luisago,2738,45.762877,9.035438
Como,Lurago d'Erba,5386,45.7470528,9.2145019
Como,Lurago Marinone,2570,45.705775,8.981338
Como,Lurate Caccivio,9742,45.764583099999996,8.991472416350707
Como,Magreglio,649,45.9207466,9.262095
Como,Mariano Comense,25214,45.6971411,9.1784276
Como,Maslianico,3196,45.8428272,9.047196
Como,Menaggio,3073,46.0197842,9.2389513
Como,Merone,4064,45.7878508,9.2464576
Como,Moltrasio,1569,45.87414345,9.091447306448323
Como,Monguzzo,2364,45.782867,9.2325793
Como,Montano Lucino,5287,45.79033145,9.02752063876818
Como,Montemezzo,224,46.1781812,9.3744846
Como,Montorfano,2515,45.7854578,9.1460789
Como,Mozzate,8656,45.675188,8.9557618
Como,Musso,946,46.1142559,9.2763733
Como,Nesso,1172,45.9114218,9.1571129
Como,Novedrate,2860,45.6989461,9.1204975
Como,Olgiate Comasco,11735,45.7853256,8.9677744
Como,Oltrona di San Mamette,2380,45.7569619,8.976296
Como,Orsenigo,2674,45.7773453,9.1811482
Como,Peglio,189,46.160389,9.294736
Como,Pianello del Lario,1036,46.1027691,9.2766331
Como,Pigra,245,45.9575626,9.1276954
Como,Plesio,832,46.0463918,9.2302855
Como,Pognana Lario,683,45.881933950000004,9.164583544143003
Como,Ponna,231,45.99565405,9.110842634975086
Como,Ponte Lambro,4270,45.82658,9.225441
Como,Porlezza,4847,46.0360715,9.1183915
Como,Proserpio,908,45.82828,9.245542
Como,Pusiano,1366,45.81388,9.281843
Como,Rezzago,303,45.866781,9.249741
Como,Rodero,1258,45.823977,8.915234
Como,Ronago,1646,45.832278,8.983636
Como,Rovellasca,7971,45.6679876,9.0541748
Como,Rovello Porro,6217,45.6512477,9.0403365
Como,Sala Comacina,481,45.9656908,9.1682856
Como,San Bartolomeo Val Cavargna,980,46.0834861,9.1491275
Como,San Fermo della Battaglia,7774,45.8084245,9.048551
Como,San Nazzaro Val Cavargna,281,46.089386,9.127434
Como,San Siro,1718,45.478200349999995,9.123963993342393
Como,Schignano,871,45.92004675,9.100115353855282
Como,Senna Comasco,3157,45.762977,9.11104
Como,Solbiate con Cagno,4642,45.80044205,8.915405351288838
Como,Sorico,1235,46.1722601,9.3799475
Como,Sormano,632,45.877782,9.248741
Como,Stazzona,613,46.1384847,9.2746824
Como,Tavernerio,5740,45.8024262,9.1464359
Como,Torno,1123,45.857591,9.1162943
Como,Tremezzina,5046,45.9835245,9.191490924303547
Como,Trezzone,234,46.1711426,9.3514943
Como,Turate,9481,45.6548024,9.0022871
Como,Uggiate-Trevano,4952,45.8242597,8.9703038
Como,Val Rezzo,164,46.0702578,9.100887328188335
Como,Valbrona,2606,45.8810551,9.301631432732318
Como,Valmorea,2629,45.81744875,8.93222884312312
Como,Valsolda,1453,46.029095299999994,9.043912334526064
Como,Veleso,201,45.908382,9.182139
Como,Veniano,3070,45.7155801,8.9830741
Como,Vercana,750,46.159489,9.335137
Como,Vertemate con Minoprio,4145,45.7282151,9.078414742842819
Como,Villa Guardia,7933,45.77381,9.0236541
Como,Zelbio,186,45.904582,9.180539
Cremona,Acquanegra Cremonese,1133,45.168436,9.890147
Cremona,Agnadello,3855,45.444374,9.557056
Cremona,Annicco,1962,45.244572,9.879466
Cremona,Azzanello,592,45.3128687,9.9215972
Cremona,Bagnolo Cremasco,4900,45.361172,9.612958
Cremona,Bonemerse,1457,45.11367,10.077473
Cremona,Bordolano,570,45.2939854,9.9867101
Cremona,Calvatone,1165,45.128574,10.441281
Cremona,Camisano,1213,45.443275,9.74576
Cremona,Campagnola Cremasca,678,45.398474,9.669459
Cremona,Capergnanica,2165,45.337572,9.64336
Cremona,Cappella Cantone,545,45.2468451,9.8384742
Cremona,Cappella de' Picenardi,413,45.158573,10.229976
Cremona,Capralba,2271,45.444075,9.643258
Cremona,Casalbuttano ed Uniti,3692,45.245644999999996,9.973918756400941
Cremona,Casale Cremasco-Vidolasco,1821,45.43696815,9.720894857446453
Cremona,Casaletto Ceredano,1137,45.318071,9.617559
Cremona,Casaletto di Sopra,529,45.419175,9.782561
Cremona,Casaletto Vaprio,1760,45.408174,9.628758
Cremona,Casalmaggiore,15022,44.9863857,10.4153504
Cremona,Casalmorano,1579,45.286373,9.899666
Cremona,Castel Gabbiano,455,45.468276,9.716459
Cremona,Casteldidone,575,45.069472,10.406281
Cremona,Castelleone,9292,45.2938133,9.7643016
Cremona,Castelverde,5583,45.188771,9.99557
Cremona,Castelvisconti,299,45.305374,9.941067
Cremona,Cella Dati,486,45.095271,10.221477
Cremona,Chieve,2264,45.340472,9.616459
Cremona,Cicognolo,904,45.164573,10.194575
Cremona,Cingia de' Botti,1147,45.085071,10.275478
Cremona,Corte de' Cortesi con Cignone,1032,45.26744425,10.00309541973796
Cremona,Corte de' Frati,1317,45.2200295,10.0966845
Cremona,Credera Rubbiano,1557,45.296062750000004,9.650528624852729
Cremona,Crema,34210,45.362828,9.6874573
Cremona,Cremona,71223,45.133745, 10.021727
Cremona,Cremosano,1729,45.3949172,9.6395534
Cremona,Crotta d'Adda,639,45.1584908,9.8541585
Cremona,Cumignano sul Naviglio,415,45.3555026,9.8355623
Cremona,Derovere,300,45.109972,10.247977
Cremona,Dovera,3750,45.3644229,9.5346981
Cremona,Fiesco,1186,45.3363613,9.7776099
Cremona,Formigara,1008,45.2232208,9.7717668
Cremona,Gabbioneta-Binanuova,866,45.218437,10.207746733741658
Cremona,Gadesco-Pieve Delmona,1917,45.16770335,10.114948209558456
Cremona,Genivolta,1132,45.332574,9.877265
Cremona,Gerre de' Caprioli,1331,45.0902086,10.0514072
Cremona,Gombito,630,45.261556,9.7280002
Cremona,Grontardo,1500,45.201873,10.150773
Cremona,Grumello Cremonese ed Uniti,1694,45.20073025,9.866094962209303
Cremona,Gussola,2630,45.0112627,10.3501373
Cremona,Isola Dovarese,1099,45.1762691,10.3129568
Cremona,Izano,1948,45.355448,9.755023
Cremona,Madignano,2773,45.3443004,9.7267032
Cremona,Malagnino,1716,45.134771,10.114774
Cremona,Martignana di Po,2054,45.0111116,10.3797507
Cremona,Monte Cremasco,2257,45.3734822,9.5727662
Cremona,Montodine,2454,45.285171,9.707262
Cremona,Moscazzano,721,45.292271,9.683461
Cremona,Motta Baluffi,824,45.0550973,10.2592469
Cremona,Offanengo,5965,45.378874,9.742361
Cremona,Olmeneta,917,45.235873,10.02227
Cremona,Ostiano,2764,45.220775,10.252075
Cremona,Paderno Ponchielli,1331,45.238872,9.930268
Cremona,Palazzo Pignano,3774,45.390073,9.569557
Cremona,Pandino,8871,45.4048829,9.5517179
Cremona,Persico Dosimo,3322,45.1823484,10.0892489
Cremona,Pescarolo ed Uniti,1514,45.19514765,10.18771734712332
Cremona,Pessina Cremonese,587,45.185474,10.248676
Cremona,Piadena Drizzona,3927,45.1348691,10.367012698992038
Cremona,Pianengo,2510,45.402174,9.694759
Cremona,Pieranica,1111,45.4257937,9.6103764
Cremona,Pieve d'Olmi,1252,45.08957,10.123675
Cremona,Pieve San Giacomo,1581,45.130272,10.186275
Cremona,Pizzighettone,6301,45.1868847,9.7824836
Cremona,Pozzaglio ed Uniti,1416,45.21101575,10.046200206213147
Cremona,Quintano,890,45.420474,9.618557
Cremona,Ricengo,1746,45.405674,9.72396
Cremona,Ripalta Arpina,993,45.301872,9.728962
Cremona,Ripalta Cremasca,3384,45.3285601,9.67924375567382
Cremona,Ripalta Guerina,526,45.3060082,9.7051398
Cremona,Rivarolo del Re ed Uniti,1842,45.027972,10.469783
Cremona,Rivolta d'Adda,8044,45.4706593,9.512551
Cremona,Robecco d'Oglio,2252,45.259374,10.076571
Cremona,Romanengo,3121,45.3771765,9.784985
Cremona,Salvirola,1137,45.3555434,9.7802426
Cremona,San Bassano,2096,45.2435457,9.8078755
Cremona,San Daniele Po,1280,45.06377,10.182276
Cremona,San Giovanni in Croce,1894,45.078872,10.37518
Cremona,San Martino del Lago,393,45.0732478,10.3168597
Cremona,Scandolara Ravara,1316,45.0531197,10.3016995
Cremona,Scandolara Ripa d'Oglio,522,45.221074,10.159773
Cremona,Sergnano,3488,45.428875,9.701659
Cremona,Sesto ed Uniti,3195,45.1864365,9.935128189199943
Cremona,Solarolo Rainerio,907,45.081572,10.35628
Cremona,Soncino,7557,45.3997776,9.8735176
Cremona,Soresina,8711,45.2871222,9.8570508
Cremona,Sospiro,3007,45.108571,10.157675
Cremona,Spinadesco,1495,45.1487508,9.9296724
Cremona,Spineda,600,45.0603009,10.5133806
Cremona,Spino d'Adda,6855,45.3930268,9.485595366654342
Cremona,Stagno Lombardo,1436,45.0731571,10.0892046
Cremona,Ticengo,415,45.369274,9.827663
Cremona,Torlino Vimercati,488,45.4179618,9.5947015
Cremona,Tornata,442,45.104373,10.430781
Cremona,Torre de' Picenardi,2061,45.143573,10.286877
Cremona,Torricella del Pizzo,584,45.0196019,10.2926531
Cremona,Trescore Cremasco,2766,45.401573,9.624958
Cremona,Trigolo,1632,45.3283941,9.8151283
Cremona,Vaiano Cremasco,3590,45.371972,9.587158
Cremona,Vailate,4504,45.463353,9.6029783
Cremona,Vescovato,3753,45.1738015,10.1425333
Cremona,Volongo,463,45.2122916,10.3018212
Cremona,Voltido,338,45.1116474,10.3328342
Lecco,Abbadia Lariana,3191,45.9000453,9.3340562
Lecco,Airuno,2794,45.75388,9.424247
Lecco,Annone di Brianza,2297,45.8073199,9.3325797
Lecco,Ballabio,4149,45.898184,9.423444
Lecco,Barzago,2373,45.755479,9.314244
Lecco,Barzanò,5010,45.7334743,9.312813
Lecco,Barzio,1280,45.9460948,9.4687648
Lecco,Bellano,3418,46.0429513,9.3040364
Lecco,Bosisio Parini,3309,45.80228,9.290743
Lecco,Brivio,4466,45.7419691,9.4441423
Lecco,Bulciago,2895,45.7547028,9.291047
Lecco,Calco,5369,45.7248681,9.4159051
Lecco,Calolziocorte,13592,45.8014719,9.4329787
Lecco,Carenno,1388,45.803482,9.462047
Lecco,Casargo,841,46.0395202,9.3882441
Lecco,Casatenovo,13128,45.6979217,9.3122039
Lecco,Cassago Brianza,4388,45.7382063,9.2910879
Lecco,Cassina Valsassina,521,45.932085,9.478945
Lecco,Castello di Brianza,2601,45.7564706,9.34535476002354
Lecco,Cernusco Lombardone,3788,45.69286,9.4006975
Lecco,Cesana Brianza,2379,45.816781,9.299543
Lecco,Civate,3739,45.828081,9.342944
Lecco,Colico,7970,46.1353437,9.370737
Lecco,Colle Brianza,1730,45.76185055,9.371849478650482
Lecco,Cortenova,1155,45.9999225,9.3831654
Lecco,Costa Masnaga,4761,45.7679634,9.2763722
Lecco,Crandola Valsassina,272,46.0228917,9.378763
Lecco,Cremella,1699,45.7416805,9.2998854
Lecco,Cremeno,1649,45.9348502,9.4737288
Lecco,Dervio,2596,46.0765742,9.3045277
Lecco,Dolzago,2531,45.76698,9.339345
Lecco,Dorio,322,46.1018115,9.3192704
Lecco,Ello,1209,45.41811,10.0752034
Lecco,Erve,695,45.821582,9.452846
Lecco,Esino Lario,764,45.9939388,9.3332004
Lecco,Galbiate,8443,45.8175344,9.3750153
Lecco,Garbagnate Monastero,2516,45.772846,9.302857
Lecco,Garlate,2671,45.8060395,9.4019699
Lecco,Imbersago,2486,45.7058733,9.4445492
Lecco,Introbio,1931,45.972641,9.4530705
Lecco,La Valletta Brianza,4646,45.72871405,9.36920030462673
Lecco,Lecco,47454,45.8558297,9.3969357
Lecco,Lierna,2122,45.9592023,9.3024783
Lecco,Lomagna,5065,45.667978,9.376047
Lecco,Malgrate,4256,45.8526004,9.3752977
Lecco,Mandello del Lario,10082,45.919183,9.319341
Lecco,Margno,379,46.030987,9.381641
Lecco,Merate,14702,45.698679,9.411648
Lecco,Missaglia,8683,45.7087169,9.335754
Lecco,Moggio,467,45.9322665,9.4879073
Lecco,Molteno,3548,45.78038,9.307444
Lecco,Monte Marenzo,1866,45.770781,9.454647
Lecco,Montevecchia,2673,45.7057341,9.3754169
Lecco,Monticello Brianza,4141,45.7087797,9.3141406
Lecco,Morterone,29,45.879514799999995,9.486226926439436
Lecco,Nibionno,3660,45.746479,9.268944
Lecco,Oggiono,9128,45.79188,9.346745
Lecco,Olgiate Molgora,6406,45.730279,9.403347
Lecco,Olginate,6983,45.8009379,9.4132788
Lecco,Oliveto Lario,1219,45.92924725,9.285912005058876
Lecco,Osnago,4771,45.675678,9.391148
Lecco,Paderno d'Adda,3834,45.6814584,9.4445595
Lecco,Pagnona,337,46.0597412,9.4028931
Lecco,Parlasco,132,46.017886,9.34494
Lecco,Pasturo,1929,45.9517834,9.4421694
Lecco,Perledo,878,46.0128352,9.2963201
Lecco,Pescate,2182,45.833482,9.393945
Lecco,Premana,2175,46.05173,9.423463
Lecco,Primaluna,2256,45.9869713,9.4296082
Lecco,Robbiate,6248,45.6911341,9.4413225
Lecco,Rogeno,3071,45.7823791,9.2740431
Lecco,Santa Maria Hoè,2127,45.7443892,9.3750111
Lecco,Sirone,2330,45.77268,9.322144
Lecco,Sirtori,2796,45.736579,9.330845
Lecco,Sueglio,145,46.0860608,9.3323598
Lecco,Suello,1755,45.816781,9.311543
Lecco,Taceno,539,46.024486,9.36394
Lecco,Valgreghentino,3406,45.7698711,9.4121681
Lecco,Valmadrera,11210,45.846282,9.358244
Lecco,Valvarrone,500,46.0848895,9.3614476
Lecco,Varenna,741,46.0099785,9.2831593
Lecco,Vercurago,2766,45.8129461,9.424433
Lecco,Verderio,5520,45.665698,9.4376098
Lecco,Viganò,2096,45.7246346,9.3245602
Lodi,Abbadia Cerreto,282,45.3119118,9.5942124
Lodi,Bertonico,1069,45.23307,9.668062
Lodi,Boffalora d'Adda,1734,45.3584945,9.4948843
Lodi,Borghetto Lodigiano,4311,45.2132677,9.4996828
Lodi,Borgo San Giovanni,2416,45.2768288,9.4229759
Lodi,Brembio,2665,45.214568,9.57146
Lodi,Casaletto Lodigiano,2942,45.293568,9.361954
Lodi,Casalmaiocco,3176,45.35387,9.374353
Lodi,Casalpusterlengo,15213,45.1793292,9.6483958
Lodi,Caselle Landi,1503,45.102568,9.795567
Lodi,Caselle Lurani,3006,45.2803877,9.3602247
Lodi,Castelgerundo,1491,45.2002967,9.7438022
Lodi,Castelnuovo Bocca d'Adda,1546,45.1128416,9.8679588
Lodi,Castiglione d'Adda,4502,45.2189124,9.6941106
Lodi,Castiraga Vidardo,2908,45.26480925,9.392874654829754
Lodi,Cavenago d'Adda,2116,45.2840104,9.601442
Lodi,Cervignano d'Adda,2164,45.373871,9.424054
Lodi,Codogno,15548,45.1600664,9.70437
Lodi,Comazzo,2262,45.440973,9.464654
Lodi,Cornegliano Laudense,2864,45.286169,9.487957
Lodi,Corno Giovine,1120,45.1332909,9.7585115
Lodi,Cornovecchio,202,45.136668,9.799367
Lodi,Corte Palasio,1534,45.3096097,9.564308
Lodi,Crespiatica,2219,45.356672,9.575158
Lodi,Fombio,2265,45.1366292,9.6844794
Lodi,Galgagnano,1303,45.357971,9.445355
Lodi,Graffignana,2549,45.2091882,9.452577
Lodi,Guardamiglio,2635,45.1099019,9.6797907
Lodi,Livraga,2455,45.192268,9.54646
Lodi,Lodi,44815,45.3100453,9.5014542
Lodi,Lodi Vecchio,7589,45.301075,9.4165986
Lodi,Maccastorna,65,45.144330499999995,9.855214994409522
Lodi,Mairago,1363,45.251769,9.57836
Lodi,Maleo,3008,45.1689375,9.7635
Lodi,Marudo,1760,45.252967,9.377155
Lodi,Massalengo,4385,45.2647203,9.4902448
Lodi,Meleti,441,45.118868,9.836968
Lodi,Merlino,1712,45.433372,9.429853
Lodi,Montanaso Lombardo,2241,45.33577,9.468656
Lodi,Mulazzano,5814,45.3734919,9.3979929
Lodi,Orio Litta,1986,45.1603133,9.5542069
Lodi,Ospedaletto Lodigiano,2004,45.168767,9.578661
Lodi,Ossago Lodigiano,1421,45.245669,9.537059
Lodi,Pieve Fissiraga,1711,45.263268,9.458357
Lodi,Salerano sul Lambro,2609,45.296569,9.385155
Lodi,San Fiorano,1826,45.136368,9.722165
Lodi,San Martino in Strada,3733,45.2715321,9.5280318
Lodi,San Rocco al Porto,3354,45.081966,9.697165
Lodi,Sant'Angelo Lodigiano,13225,45.238067,9.408656
Lodi,Santo Stefano Lodigiano,1857,45.1200659,9.7356142
Lodi,Secugnago,1931,45.232869,9.59346
Lodi,Senna Lodigiana,1784,45.151667,9.593862
Lodi,Somaglia,3867,45.1467201,9.6379307
Lodi,Sordio,3448,45.3411434,9.365693
Lodi,Tavazzano con Villavesco,5919,45.33409155,9.403652011862723
Lodi,Terranova dei Passerini,919,45.1983201,9.6771207
Lodi,Turano Lodigiano,1539,45.24887,9.621461
Lodi,Valera Fratta,1735,45.2569315,9.3360078
Lodi,Villanova del Sillaro,1867,45.237968,9.481858
Lodi,Zelo Buon Persico,7415,45.4110598,9.4317571
Mantova,Acquanegra sul Chiese,2775,45.162475,10.43468
Mantova,Asola,10009,45.2211195,10.4130654
Mantova,Bagnolo San Vito,5817,45.0922527,10.8804287
Mantova,Borgo Mantovano,5416,45.0264838,11.121971
Mantova,Borgo Virgilio,14676,45.0881067,10.785801225860103
Mantova,Borgocarbonara,1912,45.0343827,11.2147864
Mantova,Bozzolo,4060,45.102474,10.483982
Mantova,Canneto sull'Oglio,4194,45.1494046,10.3797364
Mantova,Casalmoro,2184,45.259577,10.404478
Mantova,Casaloldo,2677,45.254777,10.474379
Mantova,Casalromano,1472,45.200675,10.369378
Mantova,Castel d'Ario,4519,45.189008,10.9751299
Mantova,Castel Goffredo,12628,45.2952784,10.4729815
Mantova,Castelbelforte,3266,45.2147122,10.8927608
Mantova,Castellucchio,5176,45.147276,10.648485
Mantova,Castiglione delle Stiviere,23483,45.3896766,10.4888745
Mantova,Cavriana,3761,45.3513347,10.6007909
Mantova,Ceresara,2538,45.2651301,10.567035
Mantova,Commessaggio,1089,45.0344427,10.5453454
Mantova,Curtatone,14728,45.10955285,10.715842282322747
Mantova,Dosolo,3304,44.953372,10.637588
Mantova,Gazoldo degli Ippoliti,3000,45.200277,10.579383
Mantova,Gazzuolo,2137,45.0691748,10.5831131
Mantova,Goito,10028,45.2545067,10.6729409
Mantova,Gonzaga,8758,44.9524875,10.822623
Mantova,Guidizzolo,5962,45.32068,10.580481
Mantova,Magnacavallo,1446,45.005578,11.1811
Mantova,Mantova,48755,45.156443, 10.790433
Mantova,Marcaria,6374,45.120575,10.532783
Mantova,Mariana Mantovana,785,45.192876,10.486881
Mantova,Marmirolo,7673,45.2205633,10.756393
Mantova,Medole,4120,45.3242539,10.5144051
Mantova,Moglia,5327,44.937174,10.913395
Mantova,Monzambano,4929,45.386139,10.6924039
Mantova,Motteggiana,2443,45.0349397,10.7640229
Mantova,Ostiglia,6621,45.0703901,11.13641
Mantova,Pegognaga,6921,44.9959881,10.8587724
Mantova,Piubega,1704,45.2273091,10.5345083
Mantova,Poggio Rusco,6462,44.9755577,11.1146492
Mantova,Pomponesco,1661,44.9287557,10.591879
Mantova,Ponti sul Mincio,2336,45.4125151,10.6872208
Mantova,Porto Mantovano,16481,45.1925255,10.755220681433187
Mantova,Quingentole,1057,45.039077,11.045796
Mantova,Quistello,5315,45.3059964,10.7984387
Mantova,Redondesco,1208,45.166376,10.512282
Mantova,Rivarolo Mantovano,2468,45.0703092,10.432104
Mantova,Rodigo,5254,45.199577,10.624984
Mantova,Roncoferraro,6843,45.1359287,10.9513541
Mantova,Roverbella,8725,45.2657803,10.767527
Mantova,Sabbioneta,4145,44.9984358,10.4885871
Mantova,San Benedetto Po,6774,45.0419243,10.9282948
Mantova,San Giacomo delle Segnate,1513,44.972575,11.033097
Mantova,San Giorgio Bigarello,11830,45.1805304,10.8717887
Mantova,San Giovanni del Dosso,1251,44.9668926,11.0816168
Mantova,San Martino dall'Argine,1638,45.0990557,10.5183482
Mantova,Schivenoglia,1096,44.9950936,11.0729809
Mantova,Sermide e Felonica,7195,44.9783301,11.2904305
Mantova,Serravalle a Po,1468,45.0728848,11.100535
Mantova,Solferino,2659,45.3712314,10.5544491
Mantova,Sustinente,2013,45.0692724,11.0196043
Mantova,Suzzara,20906,44.991873,10.74309
Mantova,Viadana,19822,44.9267857,10.520223
Mantova,Villimpenta,2103,45.144747,11.030232
Mantova,Volta Mantovana,7171,45.3213025,10.6592238
Milano,Abbiategrasso,32476,45.398733,8.9162299
Milano,Albairate,4670,45.4211259,8.9381357
Milano,Arconate,6686,45.5406637,8.8481616
Milano,Arese,19463,45.5499106,9.0782851
Milano,Arluno,12196,45.50507,8.941541
Milano,Assago,9260,45.4053966,9.1313547
Milano,Baranzate,11866,45.5266783,9.1169782
Milano,Bareggio,17253,45.4777256,8.9959733
Milano,Basiano,3665,45.5735877,9.4678537
Milano,Basiglio,7933,45.349152,9.164589
Milano,Bellinzago Lombardo,3797,45.542075,9.445951
Milano,Bernate Ticino,3018,45.4793424,8.8180386
Milano,Besate,2045,45.312965,8.969645
Milano,Binasco,7199,45.3319695,9.0999868
Milano,Boffalora sopra Ticino,4073,45.4672571,8.8306109
Milano,Bollate,36239,45.5426768,9.1175818
Milano,Bresso,26172,45.5372394,9.1889678
Milano,Bubbiano,2438,45.327266,9.014546
Milano,Buccinasco,27015,45.4223013,9.1082675
Milano,Buscate,4553,45.5449159,8.8129426
Milano,Bussero,8380,45.5366764,9.3720032
Milano,Busto Garolfo,13991,45.5455579,8.8832703
Milano,Calvignasco,1240,45.325966,9.027746
Milano,Cambiago,7113,45.5725439,9.4268416
Milano,Canegrate,12466,45.5705379,8.9267921
Milano,Carpiano,4153,45.3405722,9.2727326
Milano,Carugate,15581,45.549774,9.343749
Milano,Casarile,4025,45.3178884,9.1049027
Milano,Casorezzo,5513,45.52437,8.90154
Milano,Cassano d'Adda,19151,45.5263333,9.5214907
Milano,Cassina de' Pecchi,13920,45.5191887,9.3619763
Milano,Cassinetta di Lugagnano,1853,45.4235759,8.9083136
Milano,Castano Primo,10980,45.5515584,8.7776891
Milano,Cernusco sul Naviglio,35012,45.5245578,9.330925
Milano,Cerro al Lambro,5093,45.329969,9.339053
Milano,Cerro Maggiore,15021,45.5930123,8.9513923
Milano,Cesano Boscone,23686,45.4474882,9.0934033
Milano,Cesate,14276,45.596435,9.0780147
Milano,Cinisello Balsamo,74636,45.5586454,9.2141955
Milano,Cisliano,4929,45.4450193,8.9890914
Milano,Cologno Monzese,47208,45.528554,9.2782244
Milano,Colturano,2009,45.37977,9.337852
Milano,Corbetta,18600,45.4659366,8.9200896
Milano,Cormano,20317,45.54451325,9.167620729961163
Milano,Cornaredo,20590,45.5016851,9.025746
Milano,Corsico,34601,45.4307363,9.108939
Milano,Cuggiono,8194,45.5062394,8.8152655
Milano,Cusago,4315,45.4498179,9.0363223
Milano,Cusano Milanino,18787,45.5519897,9.1856198
Milano,Dairago,6332,45.565972,8.8631736
Milano,Dresano,3006,45.3729705,9.3606419
Milano,Gaggiano,9225,45.4064613,9.0344178
Milano,Garbagnate Milanese,26771,45.5772279,9.080023
Milano,Gessate,8842,45.5543877,9.4351918
Milano,Gorgonzola,20899,45.531574,9.404651
Milano,Grezzago,3067,45.5918653,9.4952028
Milano,Gudo Visconti,1614,45.3746994,9.000605
Milano,Inveruno,8525,45.5138305,8.8519543
Milano,Inzago,11255,45.540475,9.482052
Milano,Lacchiarella,9060,45.3215749,9.137322
Milano,Lainate,26137,45.5717302,9.028461
Milano,Legnano,59855,45.5946464,8.9181625
Milano,Liscate,4042,45.4815487,9.4090115
Milano,Locate di Triulzi,10290,45.3579318,9.2246411
Milano,Magenta,24107,45.4636744,8.8531301
Milano,Magnago,9268,45.5787312,8.8018508
Milano,Marcallo con Casone,6134,45.4872199,8.87327605576723
Milano,Masate,3580,45.5675473,9.4638211
Milano,Mediglia,12220,45.39537,9.331652
Milano,Melegnano,18011,45.3587886,9.3239755
Milano,Melzo,18566,45.4985848,9.4242513
Milano,Mesero,4199,45.501314,8.8542025
Milano,Milano,1374582,45.463596, 9.187651
Milano,Morimondo,1032,45.3524418,8.9548111
Milano,Motta Visconti,8053,45.288179,8.9924871
Milano,Nerviano,16973,45.5536472,8.970719
Milano,Nosate,640,45.552211,8.7253233
Milano,Novate Milanese,20056,45.5319497,9.1401207
Milano,Noviglio,4514,45.3586424,9.0537901
Milano,Opera,14100,45.373069,9.211149
Milano,Ossona,4276,45.5062108,8.9012659
Milano,Ozzero,1418,45.3658483,8.9245144
Milano,Paderno Dugnano,47380,45.5718756,9.1691935
Milano,Pantigliate,5862,45.439548,9.352631
Milano,Parabiago,27919,45.5586385,8.9479761
Milano,Paullo,11147,45.4167873,9.3982408
Milano,Pero,11451,45.5097041,9.0399242
Milano,Peschiera Borromeo,23847,45.4318465,9.311479
Milano,Pessano con Bornago,9025,45.5518943,9.3840625
Milano,Pieve Emanuele,15699,45.3559126,9.2020722
Milano,Pioltello,36147,45.5010216,9.3263354
Milano,Pogliano Milanese,8329,45.5373018,8.991631
Milano,Pozzo d'Adda,6345,45.5756656,9.5003771
Milano,Pozzuolo Martesana,8547,45.513975,9.456252
Milano,Pregnana Milanese,7330,45.5158489,9.0080123
Milano,Rescaldina,14057,45.6159737,8.9489311
Milano,Rho,50742,45.528878,9.04156
Milano,Robecchetto con Induno,4775,45.52011125,8.76928217971155
Milano,Robecco sul Naviglio,6758,45.4365073,8.887279
Milano,Rodano,4613,45.4751079,9.3549881
Milano,Rosate,5799,45.3519922,9.0174784
Milano,Rozzano,41844,45.3832366,9.1541309
Milano,San Colombano al Lambro,7275,45.1817028,9.4889416
Milano,San Donato Milanese,32545,45.41807,9.27165
Milano,San Giorgio su Legnano,6681,45.573771,8.913739
Milano,San Giuliano Milanese,39308,45.3949933,9.2842979
Milano,San Vittore Olona,8274,45.5860911,8.9426962
Milano,San Zenone al Lambro,4422,45.327269,9.355253
Milano,Santo Stefano Ticino,4938,45.4872627,8.9186265
Milano,Sedriano,12403,45.4883326,8.9687313
Milano,Segrate,36482,45.4907352,9.2948204
Milano,Senago,21307,45.5761376,9.1244464
Milano,Sesto San Giovanni,80203,45.5357218,9.2376549
Milano,Settala,7330,45.4558605,9.3917427
Milano,Settimo Milanese,20133,45.4794715,9.0546807
Milano,Solaro,13991,45.6165471,9.0795749
Milano,Trezzano Rosa,5297,45.5828314,9.4870409
Milano,Trezzano sul Naviglio,21453,45.4182125,9.0710538
Milano,Trezzo sull'Adda,11981,45.6087178,9.5198437
Milano,Tribiano,3654,45.413371,9.378952
Milano,Truccazzano,5853,45.483715,9.4685402
Milano,Turbigo,7092,45.5291504,8.7366656
Milano,Vanzaghello,5243,45.5792526,8.7823717
Milano,Vanzago,9318,45.5268256,8.9949548
Milano,Vaprio d'Adda,9349,45.5765762,9.5291744
Milano,Vermezzo con Zelo,5796,45.39078145,8.982191605511773
Milano,Vernate,3304,45.3161472,9.0609682
Milano,Vignate,9301,45.496573,9.376651
Milano,Villa Cortese,6133,45.5665917,8.8889918
Milano,Vimodrone,16816,45.5128319,9.2846717
Milano,Vittuone,9244,45.487969,8.952442
Milano,Vizzolo Predabissi,3898,45.35636,9.3497623
Milano,Zibido San Giacomo,6867,45.3611096,9.1097761
Monza e della Brianza,Agrate Brianza,15482,45.5761735,9.3509475
Monza e della Brianza,Aicurzio,2077,45.639977,9.414949
Monza e della Brianza,Albiate,6482,45.6589901,9.2557963
Monza e della Brianza,Arcore,17848,45.626556,9.3214647
Monza e della Brianza,Barlassina,6912,45.656416,9.1301014
Monza e della Brianza,Bellusco,7366,45.6187478,9.418633
Monza e della Brianza,Bernareggio,11321,45.6475083,9.4061375
Monza e della Brianza,Besana in Brianza,15498,45.7025382,9.2895415
Monza e della Brianza,Biassono,12188,45.6309866,9.2751203
Monza e della Brianza,Bovisio-Masciago,16833,45.6100484,9.1490172
Monza e della Brianza,Briosco,6051,45.710077,9.240644
Monza e della Brianza,Brugherio,34811,45.5507486,9.3012222
Monza e della Brianza,Burago di Molgora,4283,45.5966599,9.3777061
Monza e della Brianza,Busnago,6752,45.6161843,9.4656704
Monza e della Brianza,Camparada,2166,45.655977,9.319646
Monza e della Brianza,Caponago,5105,45.5654382,9.3754414
Monza e della Brianza,Carate Brianza,17824,45.6765494,9.2371619
Monza e della Brianza,Carnate,7516,45.6472814,9.3790871
Monza e della Brianza,Cavenago di Brianza,7389,45.584917,9.4160593
Monza e della Brianza,Ceriano Laghetto,6613,45.6283491,9.0807968
Monza e della Brianza,Cesano Maderno,38983,45.6281892,9.1462397
Monza e della Brianza,Cogliate,8444,45.6454161,9.0819874
Monza e della Brianza,Concorezzo,15770,45.589675,9.335948
Monza e della Brianza,Cornate d'Adda,10674,45.6466993,9.4659391
Monza e della Brianza,Correzzana,3035,45.6656887,9.3036259
Monza e della Brianza,Desio,41646,45.6183103,9.2081245
Monza e della Brianza,Giussano,25923,45.6993814,9.2097294
Monza e della Brianza,Lazzate,7763,45.6723256,9.0852196
Monza e della Brianza,Lentate sul Seveso,15785,45.6784049,9.1181696
Monza e della Brianza,Lesmo,8465,45.6488983,9.3056827
Monza e della Brianza,Limbiate,34707,45.5984024,9.1194356
Monza e della Brianza,Lissone,46147,45.6107705,9.2408409
Monza e della Brianza,Macherio,7412,45.640116,9.269371
Monza e della Brianza,Meda,23324,45.6625046,9.1567532
Monza e della Brianza,Mezzago,4420,45.628977,9.44485
Monza e della Brianza,Misinto,5588,45.6631178,9.082738
Monza e della Brianza,Monza,122522,45.5823291,9.2711325
Monza e della Brianza,Muggiò,23603,45.5931952,9.2271378
Monza e della Brianza,Nova Milanese,23083,45.5892665,9.2003742
Monza e della Brianza,Ornago,5193,45.5984036,9.4222142
Monza e della Brianza,Renate,4056,45.724378,9.279944
Monza e della Brianza,Roncello,4762,45.6024427,9.4576108
Monza e della Brianza,Ronco Briantino,3532,45.6675633,9.4006983
Monza e della Brianza,Seregno,44843,45.649723,9.2053999
Monza e della Brianza,Seveso,23728,45.6434655,9.1373787
Monza e della Brianza,Sovico,8307,45.6485558,9.2648372
Monza e della Brianza,Sulbiate,4405,45.6339993,9.4206842
Monza e della Brianza,Triuggio,8649,45.6613638,9.2674406
Monza e della Brianza,Usmate Velate,10425,45.65245845,9.354341941243387
Monza e della Brianza,Varedo,13611,45.5974437,9.1562926
Monza e della Brianza,Vedano al Lambro,7490,45.611508,9.2750718
Monza e della Brianza,Veduggio con Colzano,4250,45.73362975,9.262512661573547
Monza e della Brianza,Verano Brianza,9164,45.6881861,9.230477
Monza e della Brianza,Villasanta,13946,45.6039807,9.3005709
Monza e della Brianza,Vimercate,25941,45.6139627,9.37006
Pavia,Alagna,808,45.169861,8.889846
Pavia,Albaredo Arnaboldi,236,45.1040469,9.244574
Pavia,Albonese,510,45.2944385,8.706322
Pavia,Albuzzano,3571,45.1866257,9.27504
Pavia,Arena Po,1538,45.0966059,9.3628461
Pavia,Badia Pavese,385,45.1203279,9.4687966
Pavia,Bagnaria,633,44.8272619,9.1226055
Pavia,Barbianello,867,45.076662,9.205155
Pavia,Bascapè,1777,45.308268,9.313453
Pavia,Bastida Pancarana,957,45.086061,9.085152
Pavia,Battuda,692,45.274665,9.078048
Pavia,Belgioioso,6165,45.158565,9.313756
Pavia,Bereguardo,2844,45.2580109,9.0275271
Pavia,Borgarello,2613,45.240665,9.14055
Pavia,Borgo Priolo,1325,44.9664487,9.1485039
Pavia,Borgo San Siro,926,45.234969,8.9133606
Pavia,Borgoratto Mormorolo,409,44.930658,9.193257
Pavia,Bornasco,2647,45.266566,9.217951
Pavia,Bosnasco,614,45.0643632,9.3584773
Pavia,Brallo di Pregola,524,44.7381861,9.28137
Pavia,Breme,708,45.1269219,8.6235671
Pavia,Bressana Bottarone,3434,45.083601200000004,9.122253114538573
Pavia,Broni,9545,45.0621619,9.2611911
Pavia,Calvignano,110,44.9827441,9.1681632
Pavia,Campospinoso,1074,45.0944235,9.2449549
Pavia,Candia Lomellina,1459,45.178758,8.59484
Pavia,Canneto Pavese,1330,45.050462,9.278757
Pavia,Carbonara al Ticino,1422,45.1654222,9.0619572
Pavia,Casanova Lonati,464,45.094464,9.2134516
Pavia,Casatisma,882,45.04906,9.131954
Pavia,Casei Gerola,2372,45.0061458,8.9269892
Pavia,Casorate Primo,8802,45.3123851,9.0179614
Pavia,Cassolnovo,6796,45.3658449,8.8092037
Pavia,Castana,721,45.026761,9.272457
Pavia,Casteggio,6552,45.0141141,9.1235778
Pavia,Castelletto di Branduzzo,971,45.07183925,9.090044281323522
Pavia,Castello d'Agogna,1067,45.234561,8.68714
Pavia,Castelnovetto,542,45.25476,8.611838
Pavia,Cava Manara,6598,45.1412536,9.1103812
Pavia,Cecima,229,44.8509689,9.0802378
Pavia,Ceranova,2249,45.260266,9.243152
Pavia,Ceretto Lomellina,178,45.2449611,8.6724399
Pavia,Cergnago,698,45.1982014,8.7728428
Pavia,Certosa di Pavia,5407,45.25701505,9.148113697505869
Pavia,Cervesina,1129,45.061259,9.016151
Pavia,Chignolo Po,3915,45.148166,9.481559
Pavia,Cigognola,1303,45.032761,9.244856
Pavia,Cilavegna,5333,45.310439,8.7424776
Pavia,Codevilla,946,44.963288,9.0573853
Pavia,Colli Verdi,1035,44.9169169,9.2486904
Pavia,Confienza,1561,45.332162,8.556336
Pavia,Copiano,1734,45.196266,9.322455
Pavia,Corana,762,45.061659,8.96835
Pavia,Cornale e Bastida,831,45.045404649999995,8.912614114068756
Pavia,Corteolona e Genzone,2533,45.166777249999996,9.364813404197044
Pavia,Corvino San Quirico,977,45.0101856,9.162397
Pavia,Costa de' Nobili,381,45.1320538,9.3789043
Pavia,Cozzo,369,45.192659,8.61104
Pavia,Cura Carpignano,4881,45.2120721,9.2554631
Pavia,Dorno,4522,45.1548467,8.9514237
Pavia,Ferrera Erbognone,1079,45.115059,8.864347
Pavia,Filighera,811,45.177065,9.315955
Pavia,Fortunago,356,44.9211755,9.1838749
Pavia,Frascarolo,1107,45.046656,8.682044
Pavia,Galliavola,176,45.097559,8.818846
Pavia,Gambarana,203,45.0289586,8.7625383
Pavia,Gambolò,9649,45.2590302,8.8590602
Pavia,Garlasco,9443,45.1961584,8.9227105
Pavia,Gerenzago,1388,45.206566,9.359656
Pavia,Giussago,5229,45.284766,9.140749
Pavia,Godiasco Salice Terme,3182,44.8901834,9.065672518810558
Pavia,Golferenzo,182,44.962021,9.3069524
Pavia,Gravellona Lomellina,2703,45.327664,8.76414
Pavia,Gropello Cairoli,4343,45.1771055,8.9918812
Pavia,Inverno e Monteleone,1460,45.197866,9.385256
Pavia,Landriano,6420,45.311968,9.260052
Pavia,Langosco,367,45.2143674,8.5637296
Pavia,Lardirago,1139,45.2353406,9.2332129
Pavia,Linarolo,2817,45.1609808,9.2709102
Pavia,Lirio,130,44.993982,9.255568
Pavia,Lomello,2042,45.121059,8.796245
Pavia,Lungavilla,2445,45.04066,9.081353
Pavia,Magherno,1733,45.223566,9.329355
Pavia,Marcignago,2467,45.253065,9.079349
Pavia,Marzano,1663,45.247967,9.295054
Pavia,Mede,6281,45.0974469,8.736176
Pavia,Menconico,344,44.7963638,9.2792795
Pavia,Mezzana Bigli,1026,45.059858,8.848447
Pavia,Mezzana Rabattone,469,45.0948626,9.0312537
Pavia,Mezzanino,1341,45.1246535,9.205337632242514
Pavia,Miradolo Terme,3643,45.1725382,9.4441335
Pavia,Montalto Pavese,872,44.979273,9.2097613
Pavia,Montebello della Battaglia,1512,45.000959,9.103454
Pavia,Montecalvo Versiggia,524,44.971268,9.2855415
Pavia,Montescano,419,45.0326442,9.2961671
Pavia,Montesegale,258,44.906251,9.1270728
Pavia,Monticelli Pavese,659,45.1107312,9.5150492
Pavia,Montù Beccaria,1623,45.0369456,9.3155381
Pavia,Mornico Losana,600,45.0103307,9.2051126
Pavia,Mortara,15395,45.2513474,8.7374279
Pavia,Nicorvo,296,45.285662,8.667939
Pavia,Olevano di Lomellina,727,45.2129605,8.7172694
Pavia,Oliva Gessi,163,45.00356,9.179355
Pavia,Ottobiano,1068,45.1528163,8.8292093
Pavia,Palestro,1829,45.301761,8.533436
Pavia,Pancarana,308,45.0749275,9.0507905
Pavia,Parona,1838,45.2826019,8.7508446
Pavia,Pavia,71122,45.1847993,9.1521556
Pavia,Pietra de' Giorgi,778,45.0206699,9.2305464
Pavia,Pieve Albignola,849,45.113111,8.9587996
Pavia,Pieve del Cairo,1745,45.049957,8.804146
Pavia,Pieve Porto Morone,2580,45.109364,9.435759
Pavia,Pinarolo Po,1666,45.069861,9.167254
Pavia,Pizzale,693,45.0365053,9.0482121
Pavia,Ponte Nizza,760,44.851548,9.0972428
Pavia,Portalbera,1441,45.097563,9.318857
Pavia,Rea,402,45.1133653,9.1546576
Pavia,Redavalle,1032,45.0374456,9.2039179
Pavia,Retorbido,1546,44.9493005,9.0361743
Pavia,Rivanazzano Terme,5169,44.9307667,9.014159
Pavia,Robbio,5733,45.2899709,8.5932785
Pavia,Robecco Pavese,531,45.0483636,9.15016
Pavia,Rocca de' Giorgi,68,44.97136,9.253158
Pavia,Rocca Susella,208,44.91915315,9.094130831282783
Pavia,Rognano,638,45.288466,9.090248
Pavia,Romagnese,618,44.8394798,9.330068
Pavia,Roncaro,1533,45.228166,9.275453
Pavia,Rosasco,543,45.25106,8.578938
Pavia,Rovescala,870,45.0114213,9.3487527
Pavia,San Cipriano Po,477,45.1086791,9.2829052
Pavia,San Damiano al Colle,633,45.024862,9.346559
Pavia,San Genesio ed Uniti,3968,45.234765,9.178551
Pavia,San Giorgio di Lomellina,1034,45.1744127,8.790098
Pavia,San Martino Siccomario,6416,45.160963,9.135952
Pavia,San Zenone al Po,553,45.108564,9.361758
Pavia,Sannazzaro de' Burgondi,5149,45.102259,8.906348
Pavia,Santa Cristina e Bissone,1881,45.1543919,9.41899610341046
Pavia,Santa Giuletta,1548,45.0338362,9.1815028
Pavia,Santa Margherita di Staffora,448,44.7648395,9.2546166
Pavia,Santa Maria della Versa,2296,44.9861766,9.3001984
Pavia,Sant'Alessio con Vialone,962,45.2246868,9.229855325290961
Pavia,Sant'Angelo Lomellina,798,45.247061,8.644439
Pavia,Sartirana Lomellina,1491,45.1138448,8.6642435
Pavia,Scaldasole,870,45.1249845,8.909653
Pavia,Semiana,206,45.137475,8.7292673
Pavia,Silvano Pietra,656,45.0403699,8.9476057
Pavia,Siziano,6351,45.3174678,9.2011222
Pavia,Sommo,1152,45.1306498,9.0833839
Pavia,Spessa,536,45.1127279,9.34943
Pavia,Stradella,11448,45.0773563,9.2950171
Pavia,Suardi,600,45.034656,8.742945
Pavia,Torrazza Coste,1559,44.9759482,9.0878226
Pavia,Torre Beretti e Castellaro,531,45.07561425,8.690527641754109
Pavia,Torre d'Arese,935,45.2426037,9.3172552
Pavia,Torre de' Negri,315,45.149665,9.334556
Pavia,Torre d'Isola,2396,45.2183509,9.0764193
Pavia,Torrevecchia Pia,3498,45.2832419,9.2966505
Pavia,Torricella Verzate,823,45.0179256,9.1755821
Pavia,Travacò Siccomario,4450,45.1490672,9.1596467
Pavia,Trivolzio,2316,45.2614355,9.047352
Pavia,Tromello,3640,45.2091305,8.8717307
Pavia,Trovo,1023,45.282965,9.035447
Pavia,Val di Nizza,588,44.870977100000005,9.1758229144576
Pavia,Valeggio,199,45.15066,8.859946
Pavia,Valle Lomellina,2095,45.153058,8.668542
Pavia,Valle Salimbene,1470,45.1719317,9.2347159
Pavia,Varzi,3024,44.8235397,9.1969039
Pavia,Velezzo Lomellina,96,45.163359,8.737243
Pavia,Vellezzo Bellini,3315,45.270665,9.099249
Pavia,Verretto,372,45.0392343,9.1084758
Pavia,Verrua Po,1214,45.1096492,9.1755596
Pavia,Vidigulfo,6542,45.292267,9.236651
Pavia,Vigevano,62340,45.3170942,8.858603
Pavia,Villa Biscossi,63,45.090393,8.7869936
Pavia,Villanova d'Ardenghi,772,45.171662,9.042349
Pavia,Villanterio,3271,45.219467,9.364356
Pavia,Vistarino,1523,45.210766,9.308254
Pavia,Voghera,38435,44.9926704,9.0086667
Pavia,Volpara,125,44.9530362,9.2970972
Pavia,Zavattarello,965,44.8684762,9.2652299
Pavia,Zeccone,1674,45.2578688,9.2011444
Pavia,Zeme,1003,45.197302,8.6659204
Pavia,Zenevredo,477,45.054262,9.325658
Pavia,Zerbo,394,45.110464,9.396058
Pavia,Zerbolò,1684,45.2071663,9.0129546
Pavia,Zinasco,3084,45.112798600000005,9.003176181390153
Sondrio,Albaredo per San Marco,288,46.10349,9.590044
Sondrio,Albosaggia,3021,46.1472316,9.8531698
Sondrio,Andalo Valtellino,585,46.1336397,9.4735483
Sondrio,Aprica,1496,46.152697,10.151656
Sondrio,Ardenno,3213,46.164292,9.644944
Sondrio,Bema,119,46.07876735,9.581220550398465
Sondrio,Berbenno di Valtellina,4045,46.1689955,9.7434178
Sondrio,Bianzone,1273,46.188197,10.109354
Sondrio,Bormio,4074,46.4692482,10.3721712
Sondrio,Buglio in Monte,1961,46.1827877,9.6748279
Sondrio,Caiolo,1056,46.149994,9.814548
Sondrio,Campodolcino,922,46.4028756,9.3532536
Sondrio,Caspoggio,1345,46.2645945,9.863925
Sondrio,Castello dell'Acqua,606,46.145995,10.013553
Sondrio,Castione Andevenno,1548,46.172794,9.800247
Sondrio,Cedrasco,435,46.1489585,9.767444
Sondrio,Cercino,792,46.158091,9.508141
Sondrio,Chiavenna,7144,46.3197862,9.3984945
Sondrio,Chiesa in Valmalenco,2370,46.2640846,9.8496555
Sondrio,Chiuro,2439,46.1708212,9.9893554
Sondrio,Cino,333,46.1586693,9.4833323
Sondrio,Civo,1124,46.1543311,9.5608421
Sondrio,Colorina,1353,46.1510725,9.7328367
Sondrio,Cosio Valtellino,5409,46.1337409,9.5291545
Sondrio,Dazio,471,46.1612697,9.6008391
Sondrio,Delebio,3286,46.13609,9.46064
Sondrio,Dubino,3702,46.15342,9.4613327
Sondrio,Faedo Valtellino,534,46.152995,9.90605
Sondrio,Forcola,770,46.1587741,9.6708477
Sondrio,Fusine,552,46.1502854,9.7453663
Sondrio,Gerola Alta,159,46.0469886,9.550172782415016
Sondrio,Gordona,1938,46.2916801,9.3657433
Sondrio,Grosio,4412,46.2989301,10.2745156
Sondrio,Grosotto,1635,46.2798623,10.2584412
Sondrio,Lanzada,1281,46.269297,9.869247
Sondrio,Livigno,6887,46.5381734,10.1359928
Sondrio,Lovero,633,46.2314,10.228556
Sondrio,Madesimo,545,46.4362982,9.3584136
Sondrio,Mantello,752,46.1522359,9.4885023
Sondrio,Mazzo di Valtellina,1017,46.2586,10.256656
Sondrio,Mello,937,46.1552566,9.542076
Sondrio,Mese,1799,46.3052737,9.3803256
Sondrio,Montagna in Valtellina,2945,46.178495,9.90295
Sondrio,Morbegno,12237,46.1321629,9.5694656
Sondrio,Novate Mezzola,1872,46.2204654,9.4472208
Sondrio,Pedesina,36,46.082308,9.5496877
Sondrio,Piantedo,1427,46.13419,9.42934
Sondrio,Piateda,2083,46.1587767,9.9422848
Sondrio,Piuro,1894,46.3287564,9.4396645
Sondrio,Poggiridenti,1829,46.1756616,9.9262461
Sondrio,Ponte in Valtellina,2258,46.174996,9.977851
Sondrio,Postalesio,644,46.174094,9.775447
Sondrio,Prata Camportaccio,2886,46.307194,9.395236
Sondrio,Rasura,290,46.1006655,9.5529709
Sondrio,Rogolo,541,46.1357463,9.4873167
Sondrio,Samolaco,2834,46.2463209,9.3949044
Sondrio,San Giacomo Filippo,360,46.3374131,9.370685
Sondrio,Sernio,489,46.2245349,10.2040968
Sondrio,Sondalo,3970,46.331392,10.3248633
Sondrio,Sondrio,21202,46.171042, 9.865901
Sondrio,Spriana,80,46.2203043,9.8642208
Sondrio,Talamona,4638,46.1360901,9.6105308
Sondrio,Tartano,196,46.103228099999995,9.686932812985447
Sondrio,Teglio,4445,46.172675,10.0641264
Sondrio,Tirano,8829,46.21463,10.1558916
Sondrio,Torre di Santa Maria,756,46.2335291,9.851604
Sondrio,Tovo di Sant'Agata,648,46.2447793,10.2464531
Sondrio,Traona,2828,46.1496199,9.525796
Sondrio,Tresivio,2007,46.175695,9.942551
Sondrio,Val Masino,865,46.245865699999996,9.637997290211064
Sondrio,Valdidentro,4153,46.50890845,10.290805319391822
Sondrio,Valdisotto,3607,46.4252151,10.3574185
Sondrio,Valfurva,2525,46.41716995,10.512921444304599
Sondrio,Verceia,1061,46.1978642,9.4517534
Sondrio,Vervio,209,46.2528354,10.2402255
Sondrio,Villa di Chiavenna,968,46.3310232,9.4894492
Sondrio,Villa di Tirano,2925,46.203898,10.133854
Varese,Agra,416,46.0620587,8.8969172
Varese,Albizzate,5203,45.7239432,8.8031311
Varese,Angera,5365,45.7721876,8.5751222
Varese,Arcisate,9956,45.860392,8.8596177
Varese,Arsago Seprio,4806,45.6881584,8.7314516
Varese,Azzate,4613,45.780222,8.7937693
Varese,Azzio,753,45.8851938,8.7106372
Varese,Barasso,1657,45.840476,8.756831
Varese,Bardello,1584,45.8348649,8.698036
Varese,Bedero Valcuvia,667,45.9142712,8.7941977
Varese,Besano,2531,45.8890392,8.8903883
Varese,Besnate,5475,45.7001654,8.7683151
Varese,Besozzo,8793,45.8457972,8.6664953
Varese,Biandronno,3210,45.8215121,8.713238
Varese,Bisuschio,4293,45.8748731,8.871723
Varese,Bodio Lomnago,2212,45.79122945,8.751004282625567
Varese,Brebbia,3194,45.8285392,8.6500523
Varese,Bregano,836,45.8250769,8.6887863
Varese,Brenta,1741,45.8931801,8.6851013
Varese,Brezzo di Bedero,1244,45.97769615,8.718691637857134
Varese,Brinzio,790,45.8891102,8.7904134
Varese,Brissago-Valtravaglia,1227,45.9497006,8.7381652194084
Varese,Brunello,943,45.7653708,8.7973652
Varese,Brusimpiano,1170,45.9477557,8.8892162
Varese,Buguggiate,3078,45.7859972,8.8049896
Varese,Busto Arsizio,83045,45.611932,8.8518269
Varese,Cadegliano-Viconago,2154,45.96460035,8.830903416272994
Varese,Cadrezzate con Osmate,2638,45.7899091,8.6492888
Varese,Cairate,7687,45.6909194,8.8724606
Varese,Cantello,4750,45.8199458,8.8947116
Varese,Caravate,2591,45.8778934,8.6519892
Varese,Cardano al Campo,14780,45.645717,8.7724976
Varese,Carnago,6591,45.7228491,8.8358485
Varese,Caronno Pertusella,18035,45.5971023,9.0509248
Varese,Caronno Varesino,4787,45.7386359,8.8312264
Varese,Casale Litta,2711,45.7673316,8.7400873
Varese,Casalzuigno,1340,45.9044548,8.7060705
Varese,Casciago,3613,45.8354615,8.7811543
Varese,Casorate Sempione,5648,45.6733755,8.7405206
Varese,Cassano Magnago,21385,45.6752214,8.8255843
Varese,Cassano Valcuvia,653,45.932378,8.768429
Varese,Castellanza,14328,45.6123744,8.8970383
Varese,Castello Cabiaglio,551,45.8934053,8.7559697
Varese,Castelseprio,1297,45.7182628,8.862852300920721
Varese,Castelveccana,1894,45.9508626,8.6692725
Varese,Castiglione Olona,7635,45.7554765,8.8668829
Varese,Castronno,5042,45.7468305,8.8141625
Varese,Cavaria con Premezzo,5692,45.6926822,8.796529010715464
Varese,Cazzago Brabbia,799,45.7976859,8.73319
Varese,Cislago,10328,45.6587762,8.9719319
Varese,Cittiglio,3797,45.898911,8.6607384
Varese,Clivio,1909,45.8642056,8.9293287
Varese,Cocquio-Trevisago,4612,45.8634359,8.695665286208953
Varese,Comabbio,1228,45.7719597,8.6743917
Varese,Comerio,2880,45.8396174,8.7464409
Varese,Cremenaga,774,45.9889227,8.802184
Varese,Crosio della Valle,600,45.759974,8.770432
Varese,Cuasso al Monte,3598,45.9147729,8.8791395
Varese,Cugliate-Fabiasco,3046,45.94354415,8.818079449681923
Varese,Cunardo,2902,45.937476,8.8012453
Varese,Curiglia con Monteviasco,156,46.0593917,8.82649107287608
Varese,Cuveglio,3266,45.9067099,8.741167
Varese,Cuvio,1626,45.896177,8.734129
Varese,Daverio,3046,45.7784026,8.7718279
Varese,Dumenza,1474,46.0191641,8.7871203
Varese,Duno,137,45.9140638,8.7371939
Varese,Fagnano Olona,12350,45.6689478,8.8727714
Varese,Ferno,6765,45.6141475,8.7545482
Varese,Ferrera di Varese,702,45.9345252,8.7858239
Varese,Gallarate,52787,45.6598951,8.7932013
Varese,Galliate Lombardo,989,45.7845815,8.7708941
Varese,Gavirate,9068,45.8428264,8.7176706
Varese,Gazzada Schianno,4538,45.78104255,8.832403768774729
Varese,Gemonio,2884,45.8792168,8.6753972
Varese,Gerenzano,10804,45.638723,9.0003063
Varese,Germignaga,3822,45.993507,8.7241585
Varese,Golasecca,2641,45.6968994,8.6556495
Varese,Gorla Maggiore,4922,45.6641372,8.890948
Varese,Gorla Minore,8132,45.6443309,8.8978959
Varese,Gornate Olona,2161,45.7395977,8.8597982
Varese,Grantola,1232,45.949179,8.774329
Varese,Inarzo,1062,45.7853157,8.7344749
Varese,Induno Olona,10303,45.8524484,8.839608
Varese,Ispra,5208,45.815457,8.6101375
Varese,Jerago con Orago,5241,45.70803255,8.793964384105962
Varese,Lavena Ponte Tresa,5812,45.95973425,8.86164681646655
Varese,Laveno-Mombello,8380,45.909499600000004,8.611986418683628
Varese,Leggiuno,3632,45.875366,8.6204535
Varese,Lonate Ceppino,5052,45.7045034,8.8742864
Varese,Lonate Pozzolo,11483,45.5967722,8.7547313
Varese,Lozza,1225,45.775675,8.857734
Varese,Luino,14207,45.9989084,8.739907
Varese,Luvinate,1292,45.8393069,8.7690932
Varese,Maccagno con Pino e Veddasca,2423,46.07368475,8.776408469052992
Varese,Malgesso,1224,45.828215,8.6794636
Varese,Malnate,16391,45.8000916,8.8781675
Varese,Marchirolo,3492,45.9499915,8.8323669
Varese,Marnate,8010,45.6293231,8.9010953
Varese,Marzio,311,45.938681,8.859197
Varese,Masciago Primo,307,45.917778,8.78113
Varese,Mercallo,1776,45.7498658,8.6695719
Varese,Mesenzana,1623,45.947817,8.7578345
Varese,Montegrino Valtravaglia,1492,45.96812255,8.778641692164655
Varese,Monvalle,1946,45.8569315,8.6337304
Varese,Morazzone,4255,45.7649609,8.8315
Varese,Mornago,4945,45.747541,8.752299
Varese,Oggiona con Santo Stefano,4308,45.6994347,8.818380882323924
Varese,Olgiate Olona,12585,45.6309999,8.8898408
Varese,Origgio,7909,45.5976933,9.0180613
Varese,Orino,826,45.8816338,8.7151033
Varese,Porto Ceresio,2850,45.9027835,8.90423
Varese,Porto Valtravaglia,2294,45.9613696,8.6818093
Varese,Rancio Valcuvia,904,45.9160064,8.7710285
Varese,Ranco,1240,45.7975913,8.5711349
Varese,Saltrio,2987,45.8739084,8.921668
Varese,Samarate,16065,45.6281817,8.7843049
Varese,Sangiano,1483,45.875076,8.633327
Varese,Saronno,38755,45.6256764,9.0373283
Varese,Sesto Calende,11055,45.7239553,8.6343618
Varese,Solbiate Arno,4014,45.7190562,8.8143443
Varese,Solbiate Olona,5341,45.6513793,8.887751
Varese,Somma Lombardo,17785,45.6836207,8.7070874
Varese,Sumirago,6014,45.7392252,8.7810037
Varese,Taino,3584,45.7643442,8.6150606
Varese,Ternate,2537,45.7822863,8.6903182
Varese,Tradate,18797,45.7142931,8.9041464
Varese,Travedona-Monate,3989,45.80506565,8.67419949031834
Varese,Tronzano Lago Maggiore,219,46.0889912,8.733941
Varese,Uboldo,10607,45.6109052,9.0033882
Varese,Valganna,1587,45.900079649999995,8.820120417547582
Varese,Varano Borghi,2446,45.7746301,8.7036658
Varese,Varese,79350,45.8187513,8.8249607
Varese,Vedano Olona,7328,45.7769157,8.8855964
Varese,Venegono Inferiore,5980,45.7380805,8.9017723
Varese,Venegono Superiore,7289,45.7513827,8.9047602
Varese,Vergiate,8641,45.7248471,8.6940232
Varese,Viggiù,5079,45.8722383,8.9058625
Varese,Vizzola Ticino,574,45.62555075,8.68549599120842
